transaction_id,date,customer_id,customer_name,region,category,product,units,list_price,discount_pct,discount_amt,pocket_price,revenue,unit_cost,total_cost,margin_pct,status,sales_rep,customer_tier,industry,year,quarter,month
T0001,2023-01-03,C003,Meridian Health,North,Software,CRM Platform,5,8500,4.23,1797.75,8140.45,40702.25,600,3000,92.63,Won,Sarah Chen,Enterprise,Healthcare,2023,Q1,Jan
T0002,2023-01-06,C004,Solaris Energy,West,Hardware,Network Switch,3,950,7.62,217.17,877.61,2632.83,540,1620,38.47,Lost,Tom Walsh,Mid-Market,Energy,2023,Q1,Jan
T0003,2023-01-07,C008,Orion Pharma,East,Hardware,Server Rack,2,6200,5.62,696.88,5851.56,11703.12,4100,8200,29.93,Lost,Aisha Patel,Enterprise,Healthcare,2023,Q1,Jan
T0004,2023-01-17,C020,Polar Biotech,East,Services,Training Package,10,1800,8.27,1488.6,1651.14,16511.4,400,4000,75.77,Won,Aisha Patel,Enterprise,Healthcare,2023,Q1,Jan
T0005,2023-01-30,C020,Polar Biotech,East,Furniture,Desk Pro,1,420,3.46,14.53,405.47,405.47,180,180,55.61,Lost,Aisha Patel,Enterprise,Healthcare,2023,Q1,Jan
T0006,2023-02-01,C002,Horizon Tech,East,Software,ERP Module,2,12000,3.91,938.4,11530.8,23061.6,1200,2400,89.59,Won,Priya Sharma,Enterprise,Technology,2023,Q1,Feb
T0007,2023-02-02,C018,Ember Analytics,North,Furniture,Office Chair,3,180,28.67,154.83,128.39,385.17,80,240,37.69,Won,Emily Foster,SMB,Technology,2023,Q1,Feb
T0008,2023-02-07,C013,Harbor Insurance,East,Hardware,Network Switch,1,950,4.77,45.31,904.69,904.69,540,540,40.31,Won,Aisha Patel,Enterprise,Financial Services,2023,Q1,Feb
T0009,2023-02-07,C006,Nimbus Financial,East,Hardware,Network Switch,1,950,5.62,53.39,896.61,896.61,540,540,39.77,Pending,Priya Sharma,Enterprise,Financial Services,2023,Q1,Feb
T0010,2023-02-08,C002,Horizon Tech,East,Services,Training Package,1,1800,6.32,113.76,1686.24,1686.24,400,400,76.28,Lost,Priya Sharma,Enterprise,Technology,2023,Q1,Feb
T0011,2023-02-09,C014,Quantum Devices,North,Software,BI Dashboard,2,5500,7.26,798.6,5100.7,10201.4,500,1000,90.2,Won,Sarah Chen,Enterprise,Technology,2023,Q1,Feb
T0012,2023-02-10,C002,Horizon Tech,East,Software,CRM Platform,3,8500,3.44,877.2,8207.6,24622.8,600,1800,92.69,Pending,Priya Sharma,Enterprise,Technology,2023,Q1,Feb
T0013,2023-02-12,C003,Meridian Health,North,Software,Security Suite,5,3200,3.05,488.0,3102.4,15512.0,280,1400,90.97,Lost,Sarah Chen,Enterprise,Healthcare,2023,Q1,Feb
T0014,2023-02-15,C012,Delta Aerospace,West,Furniture,Office Chair,1,180,10.69,19.24,160.76,160.76,80,80,50.24,Won,David Evans,Enterprise,Aerospace,2023,Q1,Feb
T0015,2023-02-16,C008,Orion Pharma,East,Software,ERP Module,1,12000,5.98,717.6,11282.4,11282.4,1200,1200,89.36,Won,Aisha Patel,Enterprise,Healthcare,2023,Q1,Feb
T0016,2023-02-17,C015,Redwood Construction,South,Hardware,"Monitor 27""",2,350,8.73,61.1,319.44,638.88,210,420,34.26,Pending,Marco Ruiz,SMB,Construction,2023,Q1,Feb
T0017,2023-02-18,C002,Horizon Tech,East,Software,BI Dashboard,2,5500,6.84,752.4,5123.8,10247.6,500,1000,90.24,Won,Priya Sharma,Enterprise,Technology,2023,Q1,Feb
T0018,2023-02-19,C002,Horizon Tech,East,Software,Cloud Storage 1TB,1,380,8.83,33.55,346.45,346.45,45,45,87.01,Lost,Priya Sharma,Enterprise,Technology,2023,Q1,Feb
T0019,2023-02-20,C010,Stratos Media,North,Software,Analytics Suite,5,4500,20.61,4637.25,3572.55,17862.75,500,2500,86.0,Lost,Emily Foster,SMB,Media,2023,Q1,Feb
T0020,2023-02-23,C002,Horizon Tech,East,Furniture,Desk Pro,2,420,12.2,102.48,368.76,737.52,180,360,51.19,Won,Priya Sharma,Enterprise,Technology,2023,Q1,Feb
T0021,2023-02-26,C005,Cascade Retail,South,Services,Training Package,1,1800,8.23,148.14,1651.86,1651.86,400,400,75.78,Won,James Okafor,Mid-Market,Retail,2023,Q1,Feb
T0022,2023-03-01,C016,Tidal Software,South,Furniture,Office Chair,2,180,6.03,21.7,169.15,338.3,80,160,52.7,Lost,James Okafor,Mid-Market,Technology,2023,Q1,Mar
T0023,2023-03-03,C019,Coastline Hotels,West,Hardware,Laptop Pro,1,1200,2.49,29.88,1170.12,1170.12,800,800,31.63,Won,Tom Walsh,Mid-Market,Hospitality,2023,Q1,Mar
T0024,2023-03-05,C014,Quantum Devices,North,Software,Cloud Storage 1TB,10,380,9.51,361.4,343.86,3438.6,45,450,86.91,Pending,Sarah Chen,Enterprise,Technology,2023,Q1,Mar
T0025,2023-03-08,C002,Horizon Tech,East,Software,CRM Platform,10,8500,5.98,5083.0,7991.7,79917.0,600,6000,92.49,Won,Priya Sharma,Enterprise,Technology,2023,Q1,Mar
T0026,2023-03-11,C018,Ember Analytics,North,Furniture,Office Chair,2,180,22.5,81.0,139.5,279.0,80,160,42.65,Won,Emily Foster,SMB,Technology,2023,Q1,Mar
T0027,2023-03-11,C009,BlueRock Mining,West,Hardware,Headset Pro,1,220,7.15,15.73,204.27,204.27,120,120,41.25,Won,Tom Walsh,Mid-Market,Mining,2023,Q1,Mar
T0028,2023-03-12,C006,Nimbus Financial,East,Software,Analytics Suite,1,4500,9.86,443.7,4056.3,4056.3,500,500,87.67,Lost,Priya Sharma,Enterprise,Financial Services,2023,Q1,Mar
T0029,2023-03-12,C001,Apex Industries,North,Software,Analytics Suite,3,4500,8.08,1090.8,4136.4,12409.2,500,1500,87.91,Won,Sarah Chen,Enterprise,Manufacturing,2023,Q1,Mar
T0030,2023-03-13,C014,Quantum Devices,North,Software,Analytics Suite,2,4500,11.46,1031.4,3984.3,7968.6,500,1000,87.45,Won,Sarah Chen,Enterprise,Technology,2023,Q1,Mar
T0031,2023-03-15,C018,Ember Analytics,North,Hardware,Headset Pro,2,220,8.75,38.5,200.75,401.5,120,240,40.22,Lost,Emily Foster,SMB,Technology,2023,Q1,Mar
T0032,2023-03-16,C016,Tidal Software,South,Furniture,Office Chair,5,180,8.07,72.65,165.47,827.35,80,400,51.65,Won,James Okafor,Mid-Market,Technology,2023,Q1,Mar
T0033,2023-03-17,C009,BlueRock Mining,West,Software,Security Suite,1,3200,9.22,295.04,2904.96,2904.96,280,280,90.36,Won,Tom Walsh,Mid-Market,Mining,2023,Q1,Mar
T0034,2023-03-19,C006,Nimbus Financial,East,Software,CRM Platform,10,8500,10.6,9010.0,7599.0,75990.0,600,6000,92.1,Won,Priya Sharma,Enterprise,Financial Services,2023,Q1,Mar
T0035,2023-03-22,C012,Delta Aerospace,West,Services,Training Package,2,1800,27.19,978.84,1310.58,2621.16,400,800,69.48,Won,David Evans,Enterprise,Aerospace,2023,Q1,Mar
T0036,2023-03-22,C009,BlueRock Mining,West,Software,BI Dashboard,1,5500,8.11,446.05,5053.95,5053.95,500,500,90.11,Lost,Tom Walsh,Mid-Market,Mining,2023,Q1,Mar
T0037,2023-03-22,C011,Pinnacle Consulting,North,Services,Training Package,2,1800,35.71,1285.56,1157.22,2314.44,400,800,65.43,Pending,Emily Foster,Mid-Market,Professional Svcs,2023,Q1,Mar
T0038,2023-03-24,C012,Delta Aerospace,West,Services,Training Package,5,1800,7.19,647.1,1670.58,8352.9,400,2000,76.06,Won,David Evans,Enterprise,Aerospace,2023,Q1,Mar
T0039,2023-03-25,C003,Meridian Health,North,Services,Training Package,1,1800,11.75,211.5,1588.5,1588.5,400,400,74.82,Won,Sarah Chen,Enterprise,Healthcare,2023,Q1,Mar
T0040,2023-03-28,C017,Granite Automotive,West,Hardware,"Monitor 27""",1,350,25.91,90.69,259.31,259.31,210,210,19.02,Lost,David Evans,Enterprise,Automotive,2023,Q1,Mar
T0041,2023-03-29,C014,Quantum Devices,North,Software,Analytics Suite,3,4500,8.25,1113.75,4128.75,12386.25,500,1500,87.89,Won,Sarah Chen,Enterprise,Technology,2023,Q1,Mar
T0042,2023-04-06,C003,Meridian Health,North,Software,Security Suite,5,3200,10.19,1630.4,2873.92,14369.6,280,1400,90.26,Won,Sarah Chen,Enterprise,Healthcare,2023,Q2,Apr
T0043,2023-04-06,C015,Redwood Construction,South,Software,BI Dashboard,1,5500,22.46,1235.3,4264.7,4264.7,500,500,88.28,Lost,Marco Ruiz,SMB,Construction,2023,Q2,Apr
T0044,2023-04-06,C016,Tidal Software,South,Hardware,Laptop Pro,1,1200,11.2,134.4,1065.6,1065.6,800,800,24.92,Lost,James Okafor,Mid-Market,Technology,2023,Q2,Apr
T0045,2023-04-07,C018,Ember Analytics,North,Hardware,"Monitor 27""",10,350,22.35,782.3,271.77,2717.7,210,2100,22.73,Won,Emily Foster,SMB,Technology,2023,Q2,Apr
T0046,2023-04-12,C010,Stratos Media,North,Software,Mobile Device Mgmt,5,2800,31.17,4363.8,1927.24,9636.2,250,1250,87.03,Won,Emily Foster,SMB,Media,2023,Q2,Apr
T0047,2023-04-12,C003,Meridian Health,North,Software,ERP Module,2,12000,10.05,2412.0,10794.0,21588.0,1200,2400,88.88,Won,Sarah Chen,Enterprise,Healthcare,2023,Q2,Apr
T0048,2023-04-13,C015,Redwood Construction,South,Software,ERP Module,1,12000,13.56,1627.2,10372.8,10372.8,1200,1200,88.43,Won,Marco Ruiz,SMB,Construction,2023,Q2,Apr
T0049,2023-04-13,C010,Stratos Media,North,Furniture,Office Chair,1,180,19.08,34.34,145.66,145.66,80,80,45.08,Won,Emily Foster,SMB,Media,2023,Q2,Apr
T0050,2023-04-15,C013,Harbor Insurance,East,Hardware,Headset Pro,2,220,13.44,59.14,190.43,380.86,120,240,36.98,Won,Aisha Patel,Enterprise,Financial Services,2023,Q2,Apr
T0051,2023-04-17,C010,Stratos Media,North,Software,Security Suite,1,3200,14.26,456.32,2743.68,2743.68,280,280,89.79,Pending,Emily Foster,SMB,Media,2023,Q2,Apr
T0052,2023-04-19,C015,Redwood Construction,South,Software,Mobile Device Mgmt,3,2800,8.46,710.64,2563.12,7689.36,250,750,90.25,Won,Marco Ruiz,SMB,Construction,2023,Q2,Apr
T0053,2023-04-20,C002,Horizon Tech,East,Software,Analytics Suite,2,4500,14.13,1271.7,3864.15,7728.3,500,1000,87.06,Won,Priya Sharma,Enterprise,Technology,2023,Q2,Apr
T0054,2023-04-25,C001,Apex Industries,North,Software,Security Suite,3,3200,13.56,1301.76,2766.08,8298.24,280,840,89.88,Won,Sarah Chen,Enterprise,Manufacturing,2023,Q2,Apr
T0055,2023-04-26,C005,Cascade Retail,South,Software,CRM Platform,2,8500,6.52,1108.4,7945.8,15891.6,600,1200,92.45,Pending,James Okafor,Mid-Market,Retail,2023,Q2,Apr
T0056,2023-04-27,C010,Stratos Media,North,Software,Cloud Storage 1TB,1,380,19.07,72.47,307.53,307.53,45,45,85.37,Pending,Emily Foster,SMB,Media,2023,Q2,Apr
T0057,2023-04-28,C017,Granite Automotive,West,Software,CRM Platform,10,8500,21.74,18479.0,6652.1,66521.0,600,6000,90.98,Lost,David Evans,Enterprise,Automotive,2023,Q2,Apr
T0058,2023-05-05,C006,Nimbus Financial,East,Software,BI Dashboard,3,5500,3.07,506.55,5331.15,15993.45,500,1500,90.62,Won,Priya Sharma,Enterprise,Financial Services,2023,Q2,May
T0059,2023-05-09,C003,Meridian Health,North,Hardware,Headset Pro,10,220,12.45,273.9,192.61,1926.1,120,1200,37.7,Won,Sarah Chen,Enterprise,Healthcare,2023,Q2,May
T0060,2023-05-10,C002,Horizon Tech,East,Software,Cloud Storage 1TB,2,380,13.94,105.94,327.03,654.06,45,90,86.24,Lost,Priya Sharma,Enterprise,Technology,2023,Q2,May
T0061,2023-05-11,C005,Cascade Retail,South,Software,Cloud Storage 1TB,1,380,10.68,40.58,339.42,339.42,45,45,86.74,Won,James Okafor,Mid-Market,Retail,2023,Q2,May
T0062,2023-05-11,C018,Ember Analytics,North,Hardware,"Monitor 27""",3,350,38.17,400.77,216.41,649.23,210,630,2.96,Won,Emily Foster,SMB,Technology,2023,Q2,May
T0063,2023-05-13,C005,Cascade Retail,South,Services,Training Package,3,1800,5.84,315.36,1694.88,5084.64,400,1200,76.4,Won,James Okafor,Mid-Market,Retail,2023,Q2,May
T0064,2023-05-14,C011,Pinnacle Consulting,North,Software,Mobile Device Mgmt,3,2800,20.62,1732.08,2222.64,6667.92,250,750,88.75,Pending,Emily Foster,Mid-Market,Professional Svcs,2023,Q2,May
T0065,2023-05-16,C003,Meridian Health,North,Software,Cloud Storage 1TB,2,380,8.33,63.3,348.35,696.7,45,90,87.08,Won,Sarah Chen,Enterprise,Healthcare,2023,Q2,May
T0066,2023-05-16,C019,Coastline Hotels,West,Hardware,Server Rack,1,6200,11.5,713.0,5487.0,5487.0,4100,4100,25.28,Won,Tom Walsh,Mid-Market,Hospitality,2023,Q2,May
T0067,2023-05-17,C017,Granite Automotive,West,Hardware,Server Rack,1,6200,7.37,456.94,5743.06,5743.06,4100,4100,28.61,Won,David Evans,Enterprise,Automotive,2023,Q2,May
T0068,2023-05-18,C011,Pinnacle Consulting,North,Software,CRM Platform,10,8500,21.4,18190.0,6681.0,66810.0,600,6000,91.02,Won,Emily Foster,Mid-Market,Professional Svcs,2023,Q2,May
T0069,2023-05-19,C004,Solaris Energy,West,Hardware,Laptop Pro,2,1200,8.82,211.68,1094.16,2188.32,800,1600,26.88,Pending,Tom Walsh,Mid-Market,Energy,2023,Q2,May
T0070,2023-05-20,C018,Ember Analytics,North,Hardware,"Monitor 27""",5,350,30.82,539.35,242.13,1210.65,210,1050,13.27,Lost,Emily Foster,SMB,Technology,2023,Q2,May
T0071,2023-05-22,C014,Quantum Devices,North,Services,Training Package,5,1800,13.09,1178.1,1564.38,7821.9,400,2000,74.43,Won,Sarah Chen,Enterprise,Technology,2023,Q2,May
T0072,2023-05-22,C014,Quantum Devices,North,Hardware,"Monitor 27""",2,350,8.78,61.46,319.27,638.54,210,420,34.22,Lost,Sarah Chen,Enterprise,Technology,2023,Q2,May
T0073,2023-05-28,C002,Horizon Tech,East,Hardware,"Monitor 27""",10,350,4.14,144.9,335.51,3355.1,210,2100,37.41,Won,Priya Sharma,Enterprise,Technology,2023,Q2,May
T0074,2023-05-30,C007,Vertex Logistics,South,Software,ERP Module,3,12000,3.59,1292.4,11569.2,34707.6,1200,3600,89.63,Won,Marco Ruiz,Mid-Market,Logistics,2023,Q2,May
T0075,2023-06-02,C010,Stratos Media,North,Hardware,Headset Pro,2,220,26.82,118.0,161.0,322.0,120,240,25.47,Won,Emily Foster,SMB,Media,2023,Q2,Jun
T0076,2023-06-06,C013,Harbor Insurance,East,Hardware,Network Switch,1,950,6.67,63.36,886.63,886.63,540,540,39.1,Won,Aisha Patel,Enterprise,Financial Services,2023,Q2,Jun
T0077,2023-06-12,C016,Tidal Software,South,Hardware,Laptop Pro,1,1200,13.4,160.8,1039.2,1039.2,800,800,23.02,Won,James Okafor,Mid-Market,Technology,2023,Q2,Jun
T0078,2023-06-13,C017,Granite Automotive,West,Hardware,Server Rack,1,6200,8.1,502.2,5697.8,5697.8,4100,4100,28.04,Won,David Evans,Enterprise,Automotive,2023,Q2,Jun
T0079,2023-06-14,C003,Meridian Health,North,Hardware,Server Rack,3,6200,5.05,939.3,5886.9,17660.7,4100,12300,30.35,Won,Sarah Chen,Enterprise,Healthcare,2023,Q2,Jun
T0080,2023-06-15,C004,Solaris Energy,West,Software,Cloud Storage 1TB,1,380,5.91,22.46,357.54,357.54,45,45,87.41,Won,Tom Walsh,Mid-Market,Energy,2023,Q2,Jun
T0081,2023-06-17,C006,Nimbus Financial,East,Software,Security Suite,1,3200,6.9,220.8,2979.2,2979.2,280,280,90.6,Lost,Priya Sharma,Enterprise,Financial Services,2023,Q2,Jun
T0082,2023-06-19,C005,Cascade Retail,South,Furniture,Desk Pro,10,420,0.0,0.0,420.0,4200.0,180,1800,57.14,Pending,James Okafor,Mid-Market,Retail,2023,Q2,Jun
T0083,2023-06-22,C011,Pinnacle Consulting,North,Software,CRM Platform,10,8500,19.91,16923.5,6807.65,68076.5,600,6000,91.19,Won,Emily Foster,Mid-Market,Professional Svcs,2023,Q2,Jun
T0084,2023-06-24,C019,Coastline Hotels,West,Furniture,Office Chair,1,180,13.81,24.86,155.14,155.14,80,80,48.43,Won,Tom Walsh,Mid-Market,Hospitality,2023,Q2,Jun
T0085,2023-06-26,C020,Polar Biotech,East,Software,CRM Platform,10,8500,8.67,7369.5,7763.05,77630.5,600,6000,92.27,Won,Aisha Patel,Enterprise,Healthcare,2023,Q2,Jun
T0086,2023-07-01,C020,Polar Biotech,East,Hardware,Headset Pro,1,220,10.63,23.39,196.61,196.61,120,120,38.97,Won,Aisha Patel,Enterprise,Healthcare,2023,Q3,Jul
T0087,2023-07-08,C016,Tidal Software,South,Hardware,Laptop Pro,1,1200,3.98,47.76,1152.24,1152.24,800,800,30.57,Won,James Okafor,Mid-Market,Technology,2023,Q3,Jul
T0088,2023-07-15,C011,Pinnacle Consulting,North,Furniture,Desk Pro,1,420,33.98,142.72,277.28,277.28,180,180,35.08,Won,Emily Foster,Mid-Market,Professional Svcs,2023,Q3,Jul
T0089,2023-07-16,C010,Stratos Media,North,Furniture,Desk Pro,5,420,31.6,663.6,287.28,1436.4,180,900,37.34,Won,Emily Foster,SMB,Media,2023,Q3,Jul
T0090,2023-07-18,C008,Orion Pharma,East,Software,Cloud Storage 1TB,2,380,5.34,40.58,359.71,719.42,45,90,87.49,Won,Aisha Patel,Enterprise,Healthcare,2023,Q3,Jul
T0091,2023-07-20,C001,Apex Industries,North,Software,CRM Platform,5,8500,10.65,4526.25,7594.75,37973.75,600,3000,92.1,Won,Sarah Chen,Enterprise,Manufacturing,2023,Q3,Jul
T0092,2023-07-22,C005,Cascade Retail,South,Furniture,Office Chair,1,180,5.93,10.67,169.33,169.33,80,80,52.75,Won,James Okafor,Mid-Market,Retail,2023,Q3,Jul
T0093,2023-07-24,C002,Horizon Tech,East,Software,CRM Platform,2,8500,6.66,1132.2,7933.9,15867.8,600,1200,92.44,Won,Priya Sharma,Enterprise,Technology,2023,Q3,Jul
T0094,2023-07-28,C004,Solaris Energy,West,Furniture,Office Chair,1,180,4.12,7.42,172.58,172.58,80,80,53.64,Won,Tom Walsh,Mid-Market,Energy,2023,Q3,Jul
T0095,2023-07-28,C018,Ember Analytics,North,Hardware,Network Switch,5,950,18.48,877.8,774.44,3872.2,540,2700,30.27,Won,Emily Foster,SMB,Technology,2023,Q3,Jul
T0096,2023-07-30,C018,Ember Analytics,North,Hardware,"Monitor 27""",1,350,29.48,103.18,246.82,246.82,210,210,14.92,Won,Emily Foster,SMB,Technology,2023,Q3,Jul
T0097,2023-07-31,C007,Vertex Logistics,South,Hardware,Laptop Pro,5,1200,3.82,229.2,1154.16,5770.8,800,4000,30.69,Won,Marco Ruiz,Mid-Market,Logistics,2023,Q3,Jul
T0098,2023-08-04,C013,Harbor Insurance,East,Software,Cloud Storage 1TB,1,380,0.25,0.95,379.05,379.05,45,45,88.13,Won,Aisha Patel,Enterprise,Financial Services,2023,Q3,Aug
T0099,2023-08-07,C008,Orion Pharma,East,Hardware,"Monitor 27""",5,350,12.76,223.3,305.34,1526.7,210,1050,31.22,Won,Aisha Patel,Enterprise,Healthcare,2023,Q3,Aug
T0100,2023-08-08,C002,Horizon Tech,East,Software,Mobile Device Mgmt,3,2800,10.66,895.44,2501.52,7504.56,250,750,90.01,Won,Priya Sharma,Enterprise,Technology,2023,Q3,Aug
T0101,2023-08-08,C017,Granite Automotive,West,Hardware,Laptop Pro,5,1200,21.93,1315.8,936.84,4684.2,800,4000,14.61,Won,David Evans,Enterprise,Automotive,2023,Q3,Aug
T0102,2023-08-08,C004,Solaris Energy,West,Software,CRM Platform,2,8500,8.42,1431.4,7784.3,15568.6,600,1200,92.29,Lost,Tom Walsh,Mid-Market,Energy,2023,Q3,Aug
T0103,2023-08-12,C001,Apex Industries,North,Hardware,Network Switch,2,950,6.0,114.0,893.0,1786.0,540,1080,39.53,Lost,Sarah Chen,Enterprise,Manufacturing,2023,Q3,Aug
T0104,2023-08-19,C020,Polar Biotech,East,Software,ERP Module,1,12000,10.78,1293.6,10706.4,10706.4,1200,1200,88.79,Won,Aisha Patel,Enterprise,Healthcare,2023,Q3,Aug
T0105,2023-08-20,C010,Stratos Media,North,Hardware,Headset Pro,3,220,24.63,162.57,165.81,497.43,120,360,27.63,Won,Emily Foster,SMB,Media,2023,Q3,Aug
T0106,2023-08-23,C002,Horizon Tech,East,Services,Training Package,5,1800,7.47,672.3,1665.54,8327.7,400,2000,75.98,Won,Priya Sharma,Enterprise,Technology,2023,Q3,Aug
T0107,2023-08-25,C014,Quantum Devices,North,Hardware,Headset Pro,3,220,5.37,35.43,208.19,624.57,120,360,42.36,Won,Sarah Chen,Enterprise,Technology,2023,Q3,Aug
T0108,2023-08-25,C001,Apex Industries,North,Hardware,Network Switch,1,950,6.67,63.36,886.63,886.63,540,540,39.1,Lost,Sarah Chen,Enterprise,Manufacturing,2023,Q3,Aug
T0109,2023-08-28,C013,Harbor Insurance,East,Software,Mobile Device Mgmt,3,2800,9.68,813.12,2528.96,7586.88,250,750,90.11,Won,Aisha Patel,Enterprise,Financial Services,2023,Q3,Aug
T0110,2023-08-31,C008,Orion Pharma,East,Software,Mobile Device Mgmt,3,2800,1.92,161.28,2746.24,8238.72,250,750,90.9,Lost,Aisha Patel,Enterprise,Healthcare,2023,Q3,Aug
T0111,2023-09-01,C020,Polar Biotech,East,Software,BI Dashboard,1,5500,7.78,427.9,5072.1,5072.1,500,500,90.14,Won,Aisha Patel,Enterprise,Healthcare,2023,Q3,Sep
T0112,2023-09-02,C019,Coastline Hotels,West,Software,Cloud Storage 1TB,3,380,10.48,119.46,340.18,1020.54,45,135,86.77,Lost,Tom Walsh,Mid-Market,Hospitality,2023,Q3,Sep
T0113,2023-09-02,C008,Orion Pharma,East,Furniture,Office Chair,1,180,2.35,4.23,175.77,175.77,80,80,54.49,Won,Aisha Patel,Enterprise,Healthcare,2023,Q3,Sep
T0114,2023-09-02,C018,Ember Analytics,North,Hardware,Network Switch,10,950,16.21,1540.0,796.0,7960.0,540,5400,32.16,Pending,Emily Foster,SMB,Technology,2023,Q3,Sep
T0115,2023-09-02,C017,Granite Automotive,West,Hardware,Network Switch,1,950,16.91,160.65,789.36,789.36,540,540,31.59,Won,David Evans,Enterprise,Automotive,2023,Q3,Sep
T0116,2023-09-04,C002,Horizon Tech,East,Software,BI Dashboard,5,5500,0.96,264.0,5447.2,27236.0,500,2500,90.82,Pending,Priya Sharma,Enterprise,Technology,2023,Q3,Sep
T0117,2023-09-06,C018,Ember Analytics,North,Hardware,Headset Pro,2,220,28.3,124.52,157.74,315.48,120,240,23.93,Won,Emily Foster,SMB,Technology,2023,Q3,Sep
T0118,2023-09-07,C009,BlueRock Mining,West,Software,ERP Module,2,12000,8.83,2119.2,10940.4,21880.8,1200,2400,89.03,Pending,Tom Walsh,Mid-Market,Mining,2023,Q3,Sep
T0119,2023-09-10,C009,BlueRock Mining,West,Software,Security Suite,10,3200,6.08,1945.6,3005.44,30054.4,280,2800,90.68,Won,Tom Walsh,Mid-Market,Mining,2023,Q3,Sep
T0120,2023-09-11,C012,Delta Aerospace,West,Software,Cloud Storage 1TB,1,380,18.7,71.06,308.94,308.94,45,45,85.43,Won,David Evans,Enterprise,Aerospace,2023,Q3,Sep
T0121,2023-09-11,C012,Delta Aerospace,West,Hardware,Network Switch,10,950,22.58,2145.1,735.49,7354.9,540,5400,26.58,Lost,David Evans,Enterprise,Aerospace,2023,Q3,Sep
T0122,2023-09-15,C014,Quantum Devices,North,Software,Security Suite,1,3200,3.97,127.04,3072.96,3072.96,280,280,90.89,Won,Sarah Chen,Enterprise,Technology,2023,Q3,Sep
T0123,2023-09-17,C002,Horizon Tech,East,Software,ERP Module,2,12000,0.0,0.0,12000.0,24000.0,1200,2400,90.0,Won,Priya Sharma,Enterprise,Technology,2023,Q3,Sep
T0124,2023-09-19,C020,Polar Biotech,East,Software,Analytics Suite,1,4500,10.72,482.4,4017.6,4017.6,500,500,87.55,Lost,Aisha Patel,Enterprise,Healthcare,2023,Q3,Sep
T0125,2023-09-20,C005,Cascade Retail,South,Software,BI Dashboard,10,5500,7.61,4185.5,5081.45,50814.5,500,5000,90.16,Won,James Okafor,Mid-Market,Retail,2023,Q3,Sep
T0126,2023-09-24,C005,Cascade Retail,South,Software,Mobile Device Mgmt,10,2800,4.78,1338.4,2666.16,26661.6,250,2500,90.62,Won,James Okafor,Mid-Market,Retail,2023,Q3,Sep
T0127,2023-09-27,C011,Pinnacle Consulting,North,Hardware,Laptop Pro,2,1200,14.94,358.56,1020.72,2041.44,800,1600,21.62,Pending,Emily Foster,Mid-Market,Professional Svcs,2023,Q3,Sep
T0128,2023-09-29,C011,Pinnacle Consulting,North,Software,Analytics Suite,1,4500,25.9,1165.5,3334.5,3334.5,500,500,85.01,Won,Emily Foster,Mid-Market,Professional Svcs,2023,Q3,Sep
T0129,2023-09-29,C008,Orion Pharma,East,Software,Security Suite,3,3200,13.11,1258.56,2780.48,8341.44,280,840,89.93,Won,Aisha Patel,Enterprise,Healthcare,2023,Q3,Sep
T0130,2023-09-30,C019,Coastline Hotels,West,Furniture,Desk Pro,2,420,3.53,29.66,405.17,810.34,180,360,55.57,Won,Tom Walsh,Mid-Market,Hospitality,2023,Q3,Sep
T0131,2023-10-01,C006,Nimbus Financial,East,Software,ERP Module,3,12000,5.09,1832.4,11389.2,34167.6,1200,3600,89.46,Won,Priya Sharma,Enterprise,Financial Services,2023,Q4,Oct
T0132,2023-10-01,C018,Ember Analytics,North,Software,Mobile Device Mgmt,1,2800,20.54,575.12,2224.88,2224.88,250,250,88.76,Pending,Emily Foster,SMB,Technology,2023,Q4,Oct
T0133,2023-10-04,C003,Meridian Health,North,Software,Security Suite,1,3200,5.07,162.24,3037.76,3037.76,280,280,90.78,Won,Sarah Chen,Enterprise,Healthcare,2023,Q4,Oct
T0134,2023-10-04,C015,Redwood Construction,South,Hardware,Headset Pro,1,220,2.02,4.44,215.56,215.56,120,120,44.33,Pending,Marco Ruiz,SMB,Construction,2023,Q4,Oct
T0135,2023-10-05,C015,Redwood Construction,South,Furniture,Desk Pro,2,420,7.95,66.78,386.61,773.22,180,360,53.44,Lost,Marco Ruiz,SMB,Construction,2023,Q4,Oct
T0136,2023-10-06,C017,Granite Automotive,West,Hardware,Server Rack,2,6200,24.78,3072.72,4663.64,9327.28,4100,8200,12.09,Won,David Evans,Enterprise,Automotive,2023,Q4,Oct
T0137,2023-10-07,C004,Solaris Energy,West,Software,CRM Platform,1,8500,4.38,372.3,8127.7,8127.7,600,600,92.62,Lost,Tom Walsh,Mid-Market,Energy,2023,Q4,Oct
T0138,2023-10-09,C010,Stratos Media,North,Services,Training Package,1,1800,30.46,548.28,1251.72,1251.72,400,400,68.04,Won,Emily Foster,SMB,Media,2023,Q4,Oct
T0139,2023-10-11,C015,Redwood Construction,South,Software,CRM Platform,2,8500,3.59,610.3,8194.85,16389.7,600,1200,92.68,Lost,Marco Ruiz,SMB,Construction,2023,Q4,Oct
T0140,2023-10-12,C013,Harbor Insurance,East,Software,ERP Module,2,12000,4.52,1084.8,11457.6,22915.2,1200,2400,89.53,Pending,Aisha Patel,Enterprise,Financial Services,2023,Q4,Oct
T0141,2023-10-13,C012,Delta Aerospace,West,Software,CRM Platform,2,8500,32.13,5462.1,5768.95,11537.9,600,1200,89.6,Won,David Evans,Enterprise,Aerospace,2023,Q4,Oct
T0142,2023-10-16,C005,Cascade Retail,South,Software,CRM Platform,1,8500,13.07,1110.95,7389.05,7389.05,600,600,91.88,Won,James Okafor,Mid-Market,Retail,2023,Q4,Oct
T0143,2023-10-17,C008,Orion Pharma,East,Hardware,Headset Pro,2,220,5.64,24.82,207.59,415.18,120,240,42.19,Won,Aisha Patel,Enterprise,Healthcare,2023,Q4,Oct
T0144,2023-10-18,C014,Quantum Devices,North,Software,CRM Platform,2,8500,8.06,1370.2,7814.9,15629.8,600,1200,92.32,Won,Sarah Chen,Enterprise,Technology,2023,Q4,Oct
T0145,2023-10-18,C020,Polar Biotech,East,Software,Analytics Suite,3,4500,9.63,1300.05,4066.65,12199.95,500,1500,87.7,Won,Aisha Patel,Enterprise,Healthcare,2023,Q4,Oct
T0146,2023-10-21,C020,Polar Biotech,East,Hardware,Headset Pro,10,220,13.11,288.4,191.16,1911.6,120,1200,37.23,Lost,Aisha Patel,Enterprise,Healthcare,2023,Q4,Oct
T0147,2023-10-21,C001,Apex Industries,North,Software,Cloud Storage 1TB,5,380,12.9,245.1,330.98,1654.9,45,225,86.4,Won,Sarah Chen,Enterprise,Manufacturing,2023,Q4,Oct
T0148,2023-10-22,C009,BlueRock Mining,West,Hardware,Server Rack,2,6200,3.73,462.52,5968.74,11937.48,4100,8200,31.31,Won,Tom Walsh,Mid-Market,Mining,2023,Q4,Oct
T0149,2023-10-23,C002,Horizon Tech,East,Software,Security Suite,2,3200,1.27,81.28,3159.36,6318.72,280,560,91.14,Won,Priya Sharma,Enterprise,Technology,2023,Q4,Oct
T0150,2023-10-23,C009,BlueRock Mining,West,Software,Cloud Storage 1TB,2,380,9.69,73.64,343.18,686.36,45,90,86.89,Won,Tom Walsh,Mid-Market,Mining,2023,Q4,Oct
T0151,2023-10-24,C012,Delta Aerospace,West,Software,Security Suite,2,3200,19.94,1276.16,2561.92,5123.84,280,560,89.07,Won,David Evans,Enterprise,Aerospace,2023,Q4,Oct
T0152,2023-10-24,C013,Harbor Insurance,East,Software,BI Dashboard,10,5500,10.59,5824.5,4917.55,49175.5,500,5000,89.83,Pending,Aisha Patel,Enterprise,Financial Services,2023,Q4,Oct
T0153,2023-10-24,C007,Vertex Logistics,South,Software,BI Dashboard,1,5500,9.2,506.0,4994.0,4994.0,500,500,89.99,Won,Marco Ruiz,Mid-Market,Logistics,2023,Q4,Oct
T0154,2023-10-26,C015,Redwood Construction,South,Hardware,Laptop Pro,1,1200,7.43,89.16,1110.84,1110.84,800,800,27.98,Won,Marco Ruiz,SMB,Construction,2023,Q4,Oct
T0155,2023-10-26,C001,Apex Industries,North,Furniture,Desk Pro,2,420,10.93,91.82,374.09,748.18,180,360,51.88,Lost,Sarah Chen,Enterprise,Manufacturing,2023,Q4,Oct
T0156,2023-10-30,C007,Vertex Logistics,South,Hardware,Network Switch,10,950,11.07,1051.7,844.84,8448.4,540,5400,36.08,Won,Marco Ruiz,Mid-Market,Logistics,2023,Q4,Oct
T0157,2023-10-30,C002,Horizon Tech,East,Software,CRM Platform,10,8500,11.73,9970.5,7502.95,75029.5,600,6000,92.0,Won,Priya Sharma,Enterprise,Technology,2023,Q4,Oct
T0158,2023-10-30,C011,Pinnacle Consulting,North,Software,BI Dashboard,10,5500,45.0,24750.0,3025.0,30250.0,500,5000,83.47,Won,Emily Foster,Mid-Market,Professional Svcs,2023,Q4,Oct
T0159,2023-10-31,C020,Polar Biotech,East,Software,CRM Platform,1,8500,4.79,407.15,8092.85,8092.85,600,600,92.59,Lost,Aisha Patel,Enterprise,Healthcare,2023,Q4,Oct
T0160,2023-11-02,C008,Orion Pharma,East,Software,Mobile Device Mgmt,1,2800,16.53,462.84,2337.16,2337.16,250,250,89.3,Lost,Aisha Patel,Enterprise,Healthcare,2023,Q4,Nov
T0161,2023-11-04,C009,BlueRock Mining,West,Hardware,Network Switch,1,950,6.92,65.74,884.26,884.26,540,540,38.93,Won,Tom Walsh,Mid-Market,Mining,2023,Q4,Nov
T0162,2023-11-05,C014,Quantum Devices,North,Furniture,Desk Pro,5,420,4.19,88.0,402.4,2012.0,180,900,55.27,Won,Sarah Chen,Enterprise,Technology,2023,Q4,Nov
T0163,2023-11-06,C014,Quantum Devices,North,Hardware,Headset Pro,2,220,9.32,41.0,199.5,399.0,120,240,39.85,Won,Sarah Chen,Enterprise,Technology,2023,Q4,Nov
T0164,2023-11-06,C020,Polar Biotech,East,Furniture,Desk Pro,1,420,2.38,10.0,410.0,410.0,180,180,56.1,Won,Aisha Patel,Enterprise,Healthcare,2023,Q4,Nov
T0165,2023-11-07,C020,Polar Biotech,East,Software,ERP Module,3,12000,8.88,3196.8,10934.4,32803.2,1200,3600,89.03,Won,Aisha Patel,Enterprise,Healthcare,2023,Q4,Nov
T0166,2023-11-10,C016,Tidal Software,South,Hardware,Server Rack,1,6200,10.36,642.32,5557.68,5557.68,4100,4100,26.23,Lost,James Okafor,Mid-Market,Technology,2023,Q4,Nov
T0167,2023-11-11,C005,Cascade Retail,South,Hardware,Laptop Pro,1,1200,10.27,123.24,1076.76,1076.76,800,800,25.7,Won,James Okafor,Mid-Market,Retail,2023,Q4,Nov
T0168,2023-11-12,C011,Pinnacle Consulting,North,Furniture,Office Chair,1,180,13.58,24.44,155.56,155.56,80,80,48.57,Won,Emily Foster,Mid-Market,Professional Svcs,2023,Q4,Nov
T0169,2023-11-12,C017,Granite Automotive,West,Hardware,Network Switch,10,950,13.76,1307.2,819.28,8192.8,540,5400,34.09,Won,David Evans,Enterprise,Automotive,2023,Q4,Nov
T0170,2023-11-18,C002,Horizon Tech,East,Hardware,Laptop Pro,5,1200,5.83,349.8,1130.04,5650.2,800,4000,29.21,Won,Priya Sharma,Enterprise,Technology,2023,Q4,Nov
T0171,2023-11-19,C011,Pinnacle Consulting,North,Hardware,Network Switch,2,950,36.16,687.04,606.48,1212.96,540,1080,10.96,Won,Emily Foster,Mid-Market,Professional Svcs,2023,Q4,Nov
T0172,2023-11-24,C017,Granite Automotive,West,Services,Training Package,10,1800,24.67,4440.6,1355.94,13559.4,400,4000,70.5,Lost,David Evans,Enterprise,Automotive,2023,Q4,Nov
T0173,2023-11-28,C002,Horizon Tech,East,Hardware,Server Rack,1,6200,17.36,1076.32,5123.68,5123.68,4100,4100,19.98,Won,Priya Sharma,Enterprise,Technology,2023,Q4,Nov
T0174,2023-11-28,C011,Pinnacle Consulting,North,Hardware,Laptop Pro,5,1200,18.09,1085.4,982.92,4914.6,800,4000,18.61,Won,Emily Foster,Mid-Market,Professional Svcs,2023,Q4,Nov
T0175,2023-12-04,C008,Orion Pharma,East,Software,Analytics Suite,2,4500,4.76,428.4,4285.8,8571.6,500,1000,88.33,Won,Aisha Patel,Enterprise,Healthcare,2023,Q4,Dec
T0176,2023-12-07,C014,Quantum Devices,North,Software,Analytics Suite,1,4500,6.68,300.6,4199.4,4199.4,500,500,88.09,Lost,Sarah Chen,Enterprise,Technology,2023,Q4,Dec
T0177,2023-12-07,C007,Vertex Logistics,South,Hardware,Server Rack,2,6200,14.27,1769.48,5315.26,10630.52,4100,8200,22.86,Pending,Marco Ruiz,Mid-Market,Logistics,2023,Q4,Dec
T0178,2023-12-08,C014,Quantum Devices,North,Software,Mobile Device Mgmt,2,2800,16.74,937.44,2331.28,4662.56,250,500,89.28,Won,Sarah Chen,Enterprise,Technology,2023,Q4,Dec
T0179,2023-12-11,C006,Nimbus Financial,East,Hardware,Headset Pro,5,220,6.75,74.25,205.15,1025.75,120,600,41.51,Pending,Priya Sharma,Enterprise,Financial Services,2023,Q4,Dec
T0180,2023-12-11,C011,Pinnacle Consulting,North,Hardware,"Monitor 27""",5,350,21.32,373.1,275.38,1376.9,210,1050,23.74,Won,Emily Foster,Mid-Market,Professional Svcs,2023,Q4,Dec
T0181,2023-12-13,C017,Granite Automotive,West,Software,Security Suite,1,3200,33.81,1081.92,2118.08,2118.08,280,280,86.78,Won,David Evans,Enterprise,Automotive,2023,Q4,Dec
T0182,2023-12-14,C008,Orion Pharma,East,Hardware,Network Switch,5,950,4.03,191.45,911.72,4558.6,540,2700,40.77,Won,Aisha Patel,Enterprise,Healthcare,2023,Q4,Dec
T0183,2023-12-19,C004,Solaris Energy,West,Hardware,Laptop Pro,5,1200,9.96,597.6,1080.48,5402.4,800,4000,25.96,Won,Tom Walsh,Mid-Market,Energy,2023,Q4,Dec
T0184,2023-12-19,C019,Coastline Hotels,West,Software,ERP Module,10,12000,9.56,11472.0,10852.8,108528.0,1200,12000,88.94,Won,Tom Walsh,Mid-Market,Hospitality,2023,Q4,Dec
T0185,2023-12-19,C003,Meridian Health,North,Hardware,Server Rack,10,6200,6.6,4092.0,5790.8,57908.0,4100,41000,29.2,Lost,Sarah Chen,Enterprise,Healthcare,2023,Q4,Dec
T0186,2023-12-21,C012,Delta Aerospace,West,Software,BI Dashboard,1,5500,27.58,1516.9,3983.1,3983.1,500,500,87.45,Lost,David Evans,Enterprise,Aerospace,2023,Q4,Dec
T0187,2023-12-21,C015,Redwood Construction,South,Furniture,Desk Pro,5,420,0.7,14.7,417.06,2085.3,180,900,56.84,Won,Marco Ruiz,SMB,Construction,2023,Q4,Dec
T0188,2023-12-24,C007,Vertex Logistics,South,Hardware,Headset Pro,10,220,18.61,409.4,179.06,1790.6,120,1200,32.98,Won,Marco Ruiz,Mid-Market,Logistics,2023,Q4,Dec
T0189,2023-12-26,C006,Nimbus Financial,East,Software,CRM Platform,2,8500,4.29,729.3,8135.35,16270.7,600,1200,92.62,Pending,Priya Sharma,Enterprise,Financial Services,2023,Q4,Dec
T0190,2023-12-26,C010,Stratos Media,North,Software,CRM Platform,10,8500,16.1,13685.0,7131.5,71315.0,600,6000,91.59,Lost,Emily Foster,SMB,Media,2023,Q4,Dec
T0191,2024-01-02,C009,BlueRock Mining,West,Software,BI Dashboard,1,5500,14.19,780.45,4719.55,4719.55,500,500,89.41,Won,Tom Walsh,Mid-Market,Mining,2024,Q1,Jan
T0192,2024-01-04,C013,Harbor Insurance,East,Hardware,Server Rack,3,6200,9.79,1820.94,5593.02,16779.06,4100,12300,26.69,Won,Aisha Patel,Enterprise,Financial Services,2024,Q1,Jan
T0193,2024-01-06,C015,Redwood Construction,South,Hardware,Network Switch,1,950,2.4,22.8,927.2,927.2,540,540,41.76,Won,Marco Ruiz,SMB,Construction,2024,Q1,Jan
T0194,2024-01-06,C002,Horizon Tech,East,Hardware,"Monitor 27""",5,350,1.47,25.7,344.85,1724.25,210,1050,39.1,Won,Priya Sharma,Enterprise,Technology,2024,Q1,Jan
T0195,2024-01-09,C003,Meridian Health,North,Software,Mobile Device Mgmt,2,2800,10.61,594.16,2502.92,5005.84,250,500,90.01,Won,Sarah Chen,Enterprise,Healthcare,2024,Q1,Jan
T0196,2024-01-10,C011,Pinnacle Consulting,North,Hardware,Headset Pro,5,220,23.68,260.5,167.9,839.5,120,600,28.53,Won,Emily Foster,Mid-Market,Professional Svcs,2024,Q1,Jan
T0197,2024-01-12,C017,Granite Automotive,West,Services,Training Package,2,1800,12.71,457.56,1571.22,3142.44,400,800,74.54,Pending,David Evans,Enterprise,Automotive,2024,Q1,Jan
T0198,2024-01-13,C005,Cascade Retail,South,Hardware,Server Rack,1,6200,5.42,336.04,5863.96,5863.96,4100,4100,30.08,Lost,James Okafor,Mid-Market,Retail,2024,Q1,Jan
T0199,2024-01-13,C017,Granite Automotive,West,Software,Mobile Device Mgmt,10,2800,16.29,4561.2,2343.88,23438.8,250,2500,89.33,Lost,David Evans,Enterprise,Automotive,2024,Q1,Jan
T0200,2024-01-15,C019,Coastline Hotels,West,Software,Analytics Suite,1,4500,10.85,488.25,4011.75,4011.75,500,500,87.54,Won,Tom Walsh,Mid-Market,Hospitality,2024,Q1,Jan
T0201,2024-01-18,C018,Ember Analytics,North,Software,Analytics Suite,5,4500,23.46,5278.5,3444.3,17221.5,500,2500,85.48,Won,Emily Foster,SMB,Technology,2024,Q1,Jan
T0202,2024-01-20,C010,Stratos Media,North,Hardware,Laptop Pro,1,1200,18.04,216.48,983.52,983.52,800,800,18.66,Pending,Emily Foster,SMB,Media,2024,Q1,Jan
T0203,2024-01-21,C020,Polar Biotech,East,Hardware,Headset Pro,1,220,13.43,29.55,190.45,190.45,120,120,36.99,Won,Aisha Patel,Enterprise,Healthcare,2024,Q1,Jan
T0204,2024-01-21,C005,Cascade Retail,South,Software,Cloud Storage 1TB,2,380,0.0,0.0,380.0,760.0,45,90,88.16,Won,James Okafor,Mid-Market,Retail,2024,Q1,Jan
T0205,2024-01-23,C020,Polar Biotech,East,Software,CRM Platform,1,8500,7.37,626.45,7873.55,7873.55,600,600,92.38,Pending,Aisha Patel,Enterprise,Healthcare,2024,Q1,Jan
T0206,2024-01-25,C010,Stratos Media,North,Software,ERP Module,1,12000,33.59,4030.8,7969.2,7969.2,1200,1200,84.94,Won,Emily Foster,SMB,Media,2024,Q1,Jan
T0207,2024-01-28,C015,Redwood Construction,South,Software,Analytics Suite,1,4500,14.33,644.85,3855.15,3855.15,500,500,87.03,Won,Marco Ruiz,SMB,Construction,2024,Q1,Jan
T0208,2024-01-29,C005,Cascade Retail,South,Hardware,Laptop Pro,1,1200,12.07,144.84,1055.16,1055.16,800,800,24.18,Won,James Okafor,Mid-Market,Retail,2024,Q1,Jan
T0209,2024-01-31,C012,Delta Aerospace,West,Services,Training Package,1,1800,15.95,287.1,1512.9,1512.9,400,400,73.56,Won,David Evans,Enterprise,Aerospace,2024,Q1,Jan
T0210,2024-02-03,C018,Ember Analytics,North,Hardware,Headset Pro,2,220,16.43,72.3,183.85,367.7,120,240,34.73,Won,Emily Foster,SMB,Technology,2024,Q1,Feb
T0211,2024-02-08,C020,Polar Biotech,East,Hardware,Laptop Pro,1,1200,4.77,57.24,1142.76,1142.76,800,800,29.99,Pending,Aisha Patel,Enterprise,Healthcare,2024,Q1,Feb
T0212,2024-02-09,C013,Harbor Insurance,East,Software,Mobile Device Mgmt,3,2800,3.76,315.84,2694.72,8084.16,250,750,90.72,Won,Aisha Patel,Enterprise,Financial Services,2024,Q1,Feb
T0213,2024-02-09,C019,Coastline Hotels,West,Hardware,Server Rack,2,6200,6.03,747.72,5826.14,11652.28,4100,8200,29.63,Won,Tom Walsh,Mid-Market,Hospitality,2024,Q1,Feb
T0214,2024-02-09,C018,Ember Analytics,North,Services,Training Package,2,1800,30.88,1111.68,1244.16,2488.32,400,800,67.85,Won,Emily Foster,SMB,Technology,2024,Q1,Feb
T0215,2024-02-12,C005,Cascade Retail,South,Hardware,Laptop Pro,10,1200,8.62,1034.4,1096.56,10965.6,800,8000,27.04,Won,James Okafor,Mid-Market,Retail,2024,Q1,Feb
T0216,2024-02-15,C005,Cascade Retail,South,Services,Training Package,2,1800,7.04,253.44,1673.28,3346.56,400,800,76.09,Won,James Okafor,Mid-Market,Retail,2024,Q1,Feb
T0217,2024-02-16,C017,Granite Automotive,West,Software,CRM Platform,10,8500,20.91,17773.5,6722.65,67226.5,600,6000,91.07,Pending,David Evans,Enterprise,Automotive,2024,Q1,Feb
T0218,2024-02-17,C015,Redwood Construction,South,Software,Mobile Device Mgmt,1,2800,2.67,74.76,2725.24,2725.24,250,250,90.83,Won,Marco Ruiz,SMB,Construction,2024,Q1,Feb
T0219,2024-02-17,C020,Polar Biotech,East,Hardware,Headset Pro,2,220,3.83,16.86,211.57,423.14,120,240,43.28,Won,Aisha Patel,Enterprise,Healthcare,2024,Q1,Feb
T0220,2024-02-21,C012,Delta Aerospace,West,Furniture,Office Chair,2,180,16.33,58.78,150.61,301.22,80,160,46.88,Won,David Evans,Enterprise,Aerospace,2024,Q1,Feb
T0221,2024-02-21,C009,BlueRock Mining,West,Software,Cloud Storage 1TB,1,380,5.41,20.56,359.44,359.44,45,45,87.48,Won,Tom Walsh,Mid-Market,Mining,2024,Q1,Feb
T0222,2024-02-23,C003,Meridian Health,North,Services,Training Package,10,1800,10.86,1954.8,1604.52,16045.2,400,4000,75.07,Won,Sarah Chen,Enterprise,Healthcare,2024,Q1,Feb
T0223,2024-02-25,C004,Solaris Energy,West,Furniture,Desk Pro,5,420,12.52,262.9,367.42,1837.1,180,900,51.01,Won,Tom Walsh,Mid-Market,Energy,2024,Q1,Feb
T0224,2024-03-02,C019,Coastline Hotels,West,Software,CRM Platform,2,8500,7.15,1215.5,7892.25,15784.5,600,1200,92.4,Lost,Tom Walsh,Mid-Market,Hospitality,2024,Q1,Mar
T0225,2024-03-03,C003,Meridian Health,North,Software,Mobile Device Mgmt,3,2800,3.36,282.24,2705.92,8117.76,250,750,90.76,Lost,Sarah Chen,Enterprise,Healthcare,2024,Q1,Mar
T0226,2024-03-05,C007,Vertex Logistics,South,Furniture,Office Chair,1,180,2.12,3.82,176.18,176.18,80,80,54.59,Lost,Marco Ruiz,Mid-Market,Logistics,2024,Q1,Mar
T0227,2024-03-05,C013,Harbor Insurance,East,Hardware,Server Rack,1,6200,11.15,691.3,5508.7,5508.7,4100,4100,25.57,Won,Aisha Patel,Enterprise,Financial Services,2024,Q1,Mar
T0228,2024-03-05,C013,Harbor Insurance,East,Hardware,Server Rack,3,6200,4.84,900.24,5899.92,17699.76,4100,12300,30.51,Pending,Aisha Patel,Enterprise,Financial Services,2024,Q1,Mar
T0229,2024-03-06,C006,Nimbus Financial,East,Software,BI Dashboard,1,5500,9.1,500.5,4999.5,4999.5,500,500,90.0,Won,Priya Sharma,Enterprise,Financial Services,2024,Q1,Mar
T0230,2024-03-08,C011,Pinnacle Consulting,North,Software,BI Dashboard,1,5500,22.04,1212.2,4287.8,4287.8,500,500,88.34,Won,Emily Foster,Mid-Market,Professional Svcs,2024,Q1,Mar
T0231,2024-03-09,C018,Ember Analytics,North,Software,ERP Module,1,12000,9.94,1192.8,10807.2,10807.2,1200,1200,88.9,Pending,Emily Foster,SMB,Technology,2024,Q1,Mar
T0232,2024-03-13,C002,Horizon Tech,East,Software,Cloud Storage 1TB,1,380,7.56,28.73,351.27,351.27,45,45,87.19,Won,Priya Sharma,Enterprise,Technology,2024,Q1,Mar
T0233,2024-03-14,C018,Ember Analytics,North,Software,Analytics Suite,5,4500,13.35,3003.75,3899.25,19496.25,500,2500,87.18,Won,Emily Foster,SMB,Technology,2024,Q1,Mar
T0234,2024-03-17,C016,Tidal Software,South,Software,CRM Platform,1,8500,7.37,626.45,7873.55,7873.55,600,600,92.38,Lost,James Okafor,Mid-Market,Technology,2024,Q1,Mar
T0235,2024-03-21,C015,Redwood Construction,South,Software,Analytics Suite,3,4500,5.47,738.45,4253.85,12761.55,500,1500,88.25,Won,Marco Ruiz,SMB,Construction,2024,Q1,Mar
T0236,2024-03-26,C011,Pinnacle Consulting,North,Software,CRM Platform,1,8500,14.86,1263.1,7236.9,7236.9,600,600,91.71,Won,Emily Foster,Mid-Market,Professional Svcs,2024,Q1,Mar
T0237,2024-03-28,C009,BlueRock Mining,West,Software,Security Suite,1,3200,8.2,262.4,2937.6,2937.6,280,280,90.47,Won,Tom Walsh,Mid-Market,Mining,2024,Q1,Mar
T0238,2024-03-28,C009,BlueRock Mining,West,Hardware,Server Rack,5,6200,13.56,4203.6,5359.28,26796.4,4100,20500,23.5,Won,Tom Walsh,Mid-Market,Mining,2024,Q1,Mar
T0239,2024-03-29,C015,Redwood Construction,South,Furniture,Desk Pro,3,420,4.85,61.11,399.63,1198.89,180,540,54.96,Pending,Marco Ruiz,SMB,Construction,2024,Q1,Mar
T0240,2024-03-29,C008,Orion Pharma,East,Software,BI Dashboard,5,5500,12.61,3467.75,4806.45,24032.25,500,2500,89.6,Won,Aisha Patel,Enterprise,Healthcare,2024,Q1,Mar
T0241,2024-03-30,C014,Quantum Devices,North,Furniture,Desk Pro,1,420,7.21,30.28,389.72,389.72,180,180,53.81,Won,Sarah Chen,Enterprise,Technology,2024,Q1,Mar
T0242,2024-04-02,C007,Vertex Logistics,South,Hardware,Laptop Pro,1,1200,1.8,21.6,1178.4,1178.4,800,800,32.11,Won,Marco Ruiz,Mid-Market,Logistics,2024,Q2,Apr
T0243,2024-04-04,C015,Redwood Construction,South,Software,Security Suite,2,3200,6.82,436.48,2981.76,5963.52,280,560,90.61,Lost,Marco Ruiz,SMB,Construction,2024,Q2,Apr
T0244,2024-04-06,C015,Redwood Construction,South,Services,Training Package,1,1800,8.86,159.48,1640.52,1640.52,400,400,75.62,Pending,Marco Ruiz,SMB,Construction,2024,Q2,Apr
T0245,2024-04-09,C020,Polar Biotech,East,Hardware,Server Rack,2,6200,11.23,1392.52,5503.74,11007.48,4100,8200,25.51,Won,Aisha Patel,Enterprise,Healthcare,2024,Q2,Apr
T0246,2024-04-09,C018,Ember Analytics,North,Hardware,Headset Pro,2,220,28.23,124.22,157.89,315.78,120,240,24.0,Won,Emily Foster,SMB,Technology,2024,Q2,Apr
T0247,2024-04-09,C001,Apex Industries,North,Hardware,Laptop Pro,2,1200,6.36,152.64,1123.68,2247.36,800,1600,28.81,Won,Sarah Chen,Enterprise,Manufacturing,2024,Q2,Apr
T0248,2024-04-10,C013,Harbor Insurance,East,Services,Training Package,1,1800,8.13,146.34,1653.66,1653.66,400,400,75.81,Won,Aisha Patel,Enterprise,Financial Services,2024,Q2,Apr
T0249,2024-04-10,C012,Delta Aerospace,West,Software,Cloud Storage 1TB,3,380,27.22,310.32,276.56,829.68,45,135,83.73,Pending,David Evans,Enterprise,Aerospace,2024,Q2,Apr
T0250,2024-04-12,C017,Granite Automotive,West,Hardware,Headset Pro,2,220,26.07,114.7,162.65,325.3,120,240,26.22,Won,David Evans,Enterprise,Automotive,2024,Q2,Apr
T0251,2024-04-13,C016,Tidal Software,South,Furniture,Desk Pro,1,420,8.54,35.87,384.13,384.13,180,180,53.14,Lost,James Okafor,Mid-Market,Technology,2024,Q2,Apr
T0252,2024-04-14,C017,Granite Automotive,West,Hardware,Server Rack,2,6200,25.2,3124.8,4637.6,9275.2,4100,8200,11.59,Won,David Evans,Enterprise,Automotive,2024,Q2,Apr
T0253,2024-04-15,C013,Harbor Insurance,East,Software,Mobile Device Mgmt,1,2800,7.99,223.72,2576.28,2576.28,250,250,90.3,Won,Aisha Patel,Enterprise,Financial Services,2024,Q2,Apr
T0254,2024-04-16,C016,Tidal Software,South,Furniture,Office Chair,2,180,15.0,54.0,153.0,306.0,80,160,47.71,Lost,James Okafor,Mid-Market,Technology,2024,Q2,Apr
T0255,2024-04-20,C016,Tidal Software,South,Software,Analytics Suite,3,4500,10.44,1409.4,4030.2,12090.6,500,1500,87.59,Won,James Okafor,Mid-Market,Technology,2024,Q2,Apr
T0256,2024-04-20,C012,Delta Aerospace,West,Software,Cloud Storage 1TB,3,380,18.0,205.2,311.6,934.8,45,135,85.56,Lost,David Evans,Enterprise,Aerospace,2024,Q2,Apr
T0257,2024-04-29,C014,Quantum Devices,North,Software,BI Dashboard,3,5500,3.78,623.7,5292.1,15876.3,500,1500,90.55,Won,Sarah Chen,Enterprise,Technology,2024,Q2,Apr
T0258,2024-04-29,C019,Coastline Hotels,West,Hardware,Network Switch,2,950,10.54,200.26,849.87,1699.74,540,1080,36.46,Won,Tom Walsh,Mid-Market,Hospitality,2024,Q2,Apr
T0259,2024-04-30,C017,Granite Automotive,West,Hardware,Network Switch,1,950,23.07,219.16,730.84,730.84,540,540,26.11,Won,David Evans,Enterprise,Automotive,2024,Q2,Apr
T0260,2024-05-01,C007,Vertex Logistics,South,Hardware,"Monitor 27""",1,350,1.94,6.79,343.21,343.21,210,210,38.81,Won,Marco Ruiz,Mid-Market,Logistics,2024,Q2,May
T0261,2024-05-01,C020,Polar Biotech,East,Software,Mobile Device Mgmt,5,2800,10.44,1461.6,2507.68,12538.4,250,1250,90.03,Pending,Aisha Patel,Enterprise,Healthcare,2024,Q2,May
T0262,2024-05-02,C015,Redwood Construction,South,Services,Training Package,2,1800,9.18,330.48,1634.76,3269.52,400,800,75.53,Won,Marco Ruiz,SMB,Construction,2024,Q2,May
T0263,2024-05-03,C018,Ember Analytics,North,Services,Training Package,1,1800,8.35,150.3,1649.7,1649.7,400,400,75.75,Pending,Emily Foster,SMB,Technology,2024,Q2,May
T0264,2024-05-05,C012,Delta Aerospace,West,Hardware,Server Rack,1,6200,19.73,1223.26,4976.74,4976.74,4100,4100,17.62,Won,David Evans,Enterprise,Aerospace,2024,Q2,May
T0265,2024-05-05,C010,Stratos Media,North,Services,Training Package,1,1800,26.41,475.38,1324.62,1324.62,400,400,69.8,Lost,Emily Foster,SMB,Media,2024,Q2,May
T0266,2024-05-08,C017,Granite Automotive,West,Software,Cloud Storage 1TB,2,380,24.61,187.04,286.48,572.96,45,90,84.29,Lost,David Evans,Enterprise,Automotive,2024,Q2,May
T0267,2024-05-18,C009,BlueRock Mining,West,Hardware,"Monitor 27""",5,350,5.53,96.8,330.64,1653.2,210,1050,36.49,Won,Tom Walsh,Mid-Market,Mining,2024,Q2,May
T0268,2024-05-19,C010,Stratos Media,North,Furniture,Desk Pro,5,420,23.58,495.2,320.96,1604.8,180,900,43.92,Won,Emily Foster,SMB,Media,2024,Q2,May
T0269,2024-05-21,C015,Redwood Construction,South,Software,Security Suite,5,3200,6.51,1041.6,2991.68,14958.4,280,1400,90.64,Won,Marco Ruiz,SMB,Construction,2024,Q2,May
T0270,2024-05-29,C009,BlueRock Mining,West,Furniture,Office Chair,2,180,10.4,37.44,161.28,322.56,80,160,50.4,Won,Tom Walsh,Mid-Market,Mining,2024,Q2,May
T0271,2024-06-01,C016,Tidal Software,South,Software,Analytics Suite,1,4500,8.05,362.25,4137.75,4137.75,500,500,87.92,Pending,James Okafor,Mid-Market,Technology,2024,Q2,Jun
T0272,2024-06-03,C011,Pinnacle Consulting,North,Software,Security Suite,3,3200,18.91,1815.36,2594.88,7784.64,280,840,89.21,Pending,Emily Foster,Mid-Market,Professional Svcs,2024,Q2,Jun
T0273,2024-06-03,C017,Granite Automotive,West,Software,ERP Module,1,12000,30.4,3648.0,8352.0,8352.0,1200,1200,85.63,Lost,David Evans,Enterprise,Automotive,2024,Q2,Jun
T0274,2024-06-11,C007,Vertex Logistics,South,Hardware,"Monitor 27""",5,350,8.32,145.6,320.88,1604.4,210,1050,34.55,Lost,Marco Ruiz,Mid-Market,Logistics,2024,Q2,Jun
T0275,2024-06-12,C009,BlueRock Mining,West,Software,Analytics Suite,10,4500,11.58,5211.0,3978.9,39789.0,500,5000,87.43,Won,Tom Walsh,Mid-Market,Mining,2024,Q2,Jun
T0276,2024-06-15,C013,Harbor Insurance,East,Software,ERP Module,1,12000,3.31,397.2,11602.8,11602.8,1200,1200,89.66,Pending,Aisha Patel,Enterprise,Financial Services,2024,Q2,Jun
T0277,2024-06-20,C017,Granite Automotive,West,Furniture,Desk Pro,1,420,24.67,103.61,316.39,316.39,180,180,43.11,Pending,David Evans,Enterprise,Automotive,2024,Q2,Jun
T0278,2024-06-21,C006,Nimbus Financial,East,Furniture,Office Chair,2,180,7.77,27.98,166.01,332.02,80,160,51.81,Won,Priya Sharma,Enterprise,Financial Services,2024,Q2,Jun
T0279,2024-06-21,C018,Ember Analytics,North,Hardware,Server Rack,1,6200,19.11,1184.82,5015.18,5015.18,4100,4100,18.25,Won,Emily Foster,SMB,Technology,2024,Q2,Jun
T0280,2024-06-22,C005,Cascade Retail,South,Software,Cloud Storage 1TB,3,380,13.56,154.59,328.47,985.41,45,135,86.3,Won,James Okafor,Mid-Market,Retail,2024,Q2,Jun
T0281,2024-06-24,C012,Delta Aerospace,West,Furniture,Desk Pro,10,420,16.47,691.7,350.83,3508.3,180,1800,48.69,Won,David Evans,Enterprise,Aerospace,2024,Q2,Jun
T0282,2024-06-24,C020,Polar Biotech,East,Software,Mobile Device Mgmt,1,2800,0.81,22.68,2777.32,2777.32,250,250,91.0,Won,Aisha Patel,Enterprise,Healthcare,2024,Q2,Jun
T0283,2024-06-27,C017,Granite Automotive,West,Software,Security Suite,2,3200,28.8,1843.2,2278.4,4556.8,280,560,87.71,Won,David Evans,Enterprise,Automotive,2024,Q2,Jun
T0284,2024-06-27,C018,Ember Analytics,North,Software,Analytics Suite,3,4500,30.68,4141.8,3119.4,9358.2,500,1500,83.97,Won,Emily Foster,SMB,Technology,2024,Q2,Jun
T0285,2024-06-27,C011,Pinnacle Consulting,North,Software,BI Dashboard,1,5500,28.53,1569.15,3930.85,3930.85,500,500,87.28,Won,Emily Foster,Mid-Market,Professional Svcs,2024,Q2,Jun
T0286,2024-06-29,C010,Stratos Media,North,Software,Mobile Device Mgmt,1,2800,24.59,688.52,2111.48,2111.48,250,250,88.16,Won,Emily Foster,SMB,Media,2024,Q2,Jun
T0287,2024-06-30,C003,Meridian Health,North,Software,Mobile Device Mgmt,3,2800,4.92,413.28,2662.24,7986.72,250,750,90.61,Lost,Sarah Chen,Enterprise,Healthcare,2024,Q2,Jun
T0288,2024-07-02,C004,Solaris Energy,West,Hardware,Headset Pro,2,220,11.53,50.74,194.63,389.26,120,240,38.34,Won,Tom Walsh,Mid-Market,Energy,2024,Q3,Jul
T0289,2024-07-02,C014,Quantum Devices,North,Furniture,Desk Pro,10,420,15.03,631.3,356.87,3568.7,180,1800,49.56,Won,Sarah Chen,Enterprise,Technology,2024,Q3,Jul
T0290,2024-07-03,C003,Meridian Health,North,Software,BI Dashboard,2,5500,5.17,568.7,5215.65,10431.3,500,1000,90.41,Won,Sarah Chen,Enterprise,Healthcare,2024,Q3,Jul
T0291,2024-07-04,C011,Pinnacle Consulting,North,Hardware,Headset Pro,5,220,25.22,277.4,164.52,822.6,120,600,27.06,Won,Emily Foster,Mid-Market,Professional Svcs,2024,Q3,Jul
T0292,2024-07-06,C014,Quantum Devices,North,Software,CRM Platform,1,8500,9.02,766.7,7733.3,7733.3,600,600,92.24,Won,Sarah Chen,Enterprise,Technology,2024,Q3,Jul
T0293,2024-07-06,C020,Polar Biotech,East,Furniture,Desk Pro,1,420,8.04,33.77,386.23,386.23,180,180,53.4,Won,Aisha Patel,Enterprise,Healthcare,2024,Q3,Jul
T0294,2024-07-07,C001,Apex Industries,North,Software,CRM Platform,1,8500,5.31,451.35,8048.65,8048.65,600,600,92.55,Pending,Sarah Chen,Enterprise,Manufacturing,2024,Q3,Jul
T0295,2024-07-09,C004,Solaris Energy,West,Software,BI Dashboard,5,5500,12.94,3558.5,4788.3,23941.5,500,2500,89.56,Won,Tom Walsh,Mid-Market,Energy,2024,Q3,Jul
T0296,2024-07-09,C012,Delta Aerospace,West,Hardware,"Monitor 27""",1,350,14.04,49.14,300.86,300.86,210,210,30.2,Pending,David Evans,Enterprise,Aerospace,2024,Q3,Jul
T0297,2024-07-10,C012,Delta Aerospace,West,Services,Training Package,1,1800,17.37,312.66,1487.34,1487.34,400,400,73.11,Won,David Evans,Enterprise,Aerospace,2024,Q3,Jul
T0298,2024-07-12,C004,Solaris Energy,West,Software,Analytics Suite,2,4500,8.07,726.3,4136.85,8273.7,500,1000,87.91,Won,Tom Walsh,Mid-Market,Energy,2024,Q3,Jul
T0299,2024-07-16,C020,Polar Biotech,East,Software,BI Dashboard,10,5500,3.23,1776.5,5322.35,53223.5,500,5000,90.61,Won,Aisha Patel,Enterprise,Healthcare,2024,Q3,Jul
T0300,2024-07-17,C011,Pinnacle Consulting,North,Hardware,Network Switch,10,950,17.99,1709.1,779.1,7791.0,540,5400,30.69,Lost,Emily Foster,Mid-Market,Professional Svcs,2024,Q3,Jul
T0301,2024-07-19,C007,Vertex Logistics,South,Furniture,Desk Pro,2,420,7.85,65.94,387.03,774.06,180,360,53.49,Won,Marco Ruiz,Mid-Market,Logistics,2024,Q3,Jul
T0302,2024-07-19,C015,Redwood Construction,South,Software,Cloud Storage 1TB,10,380,3.51,133.4,366.66,3666.6,45,450,87.73,Won,Marco Ruiz,SMB,Construction,2024,Q3,Jul
T0303,2024-07-23,C017,Granite Automotive,West,Furniture,Office Chair,1,180,17.84,32.11,147.89,147.89,80,80,45.91,Won,David Evans,Enterprise,Automotive,2024,Q3,Jul
T0304,2024-07-26,C002,Horizon Tech,East,Software,Mobile Device Mgmt,1,2800,10.57,295.96,2504.04,2504.04,250,250,90.02,Lost,Priya Sharma,Enterprise,Technology,2024,Q3,Jul
T0305,2024-07-28,C005,Cascade Retail,South,Furniture,Desk Pro,2,420,10.28,86.36,376.82,753.64,180,360,52.23,Lost,James Okafor,Mid-Market,Retail,2024,Q3,Jul
T0306,2024-07-29,C014,Quantum Devices,North,Hardware,Laptop Pro,3,1200,9.93,357.48,1080.84,3242.52,800,2400,25.98,Won,Sarah Chen,Enterprise,Technology,2024,Q3,Jul
T0307,2024-07-29,C009,BlueRock Mining,West,Furniture,Office Chair,1,180,10.53,18.95,161.05,161.05,80,80,50.33,Won,Tom Walsh,Mid-Market,Mining,2024,Q3,Jul
T0308,2024-07-30,C013,Harbor Insurance,East,Hardware,Server Rack,1,6200,2.61,161.82,6038.18,6038.18,4100,4100,32.1,Won,Aisha Patel,Enterprise,Financial Services,2024,Q3,Jul
T0309,2024-08-01,C016,Tidal Software,South,Hardware,Server Rack,10,6200,2.17,1345.4,6065.46,60654.6,4100,41000,32.4,Lost,James Okafor,Mid-Market,Technology,2024,Q3,Aug
T0310,2024-08-09,C007,Vertex Logistics,South,Software,BI Dashboard,1,5500,8.39,461.45,5038.55,5038.55,500,500,90.08,Won,Marco Ruiz,Mid-Market,Logistics,2024,Q3,Aug
T0311,2024-08-09,C012,Delta Aerospace,West,Hardware,Laptop Pro,1,1200,25.34,304.08,895.92,895.92,800,800,10.71,Won,David Evans,Enterprise,Aerospace,2024,Q3,Aug
T0312,2024-08-12,C014,Quantum Devices,North,Hardware,Network Switch,1,950,10.74,102.03,847.97,847.97,540,540,36.32,Lost,Sarah Chen,Enterprise,Technology,2024,Q3,Aug
T0313,2024-08-14,C002,Horizon Tech,East,Software,CRM Platform,2,8500,12.32,2094.4,7452.8,14905.6,600,1200,91.95,Won,Priya Sharma,Enterprise,Technology,2024,Q3,Aug
T0314,2024-08-14,C020,Polar Biotech,East,Hardware,Network Switch,2,950,16.39,311.4,794.3,1588.6,540,1080,32.02,Lost,Aisha Patel,Enterprise,Healthcare,2024,Q3,Aug
T0315,2024-08-15,C020,Polar Biotech,East,Hardware,Laptop Pro,2,1200,0.16,3.84,1198.08,2396.16,800,1600,33.23,Won,Aisha Patel,Enterprise,Healthcare,2024,Q3,Aug
T0316,2024-08-15,C001,Apex Industries,North,Software,Security Suite,10,3200,7.43,2377.6,2962.24,29622.4,280,2800,90.55,Pending,Sarah Chen,Enterprise,Manufacturing,2024,Q3,Aug
T0317,2024-08-16,C010,Stratos Media,North,Hardware,Network Switch,10,950,25.31,2404.4,709.56,7095.6,540,5400,23.9,Pending,Emily Foster,SMB,Media,2024,Q3,Aug
T0318,2024-08-19,C009,BlueRock Mining,West,Hardware,Headset Pro,1,220,8.72,19.18,200.82,200.82,120,120,40.24,Won,Tom Walsh,Mid-Market,Mining,2024,Q3,Aug
T0319,2024-08-20,C020,Polar Biotech,East,Software,Analytics Suite,1,4500,13.42,603.9,3896.1,3896.1,500,500,87.17,Won,Aisha Patel,Enterprise,Healthcare,2024,Q3,Aug
T0320,2024-08-21,C015,Redwood Construction,South,Hardware,"Monitor 27""",2,350,12.23,85.6,307.19,614.38,210,420,31.64,Won,Marco Ruiz,SMB,Construction,2024,Q3,Aug
T0321,2024-08-21,C001,Apex Industries,North,Software,CRM Platform,1,8500,2.26,192.1,8307.9,8307.9,600,600,92.78,Won,Sarah Chen,Enterprise,Manufacturing,2024,Q3,Aug
T0322,2024-08-25,C012,Delta Aerospace,West,Hardware,Server Rack,10,6200,25.44,15772.8,4622.72,46227.2,4100,41000,11.31,Won,David Evans,Enterprise,Aerospace,2024,Q3,Aug
T0323,2024-08-29,C020,Polar Biotech,East,Software,BI Dashboard,10,5500,10.57,5813.5,4918.65,49186.5,500,5000,89.83,Won,Aisha Patel,Enterprise,Healthcare,2024,Q3,Aug
T0324,2024-09-02,C011,Pinnacle Consulting,North,Hardware,"Monitor 27""",10,350,34.16,1195.6,230.44,2304.4,210,2100,8.87,Won,Emily Foster,Mid-Market,Professional Svcs,2024,Q3,Sep
T0325,2024-09-02,C018,Ember Analytics,North,Furniture,Office Chair,2,180,23.97,86.3,136.85,273.7,80,160,41.54,Lost,Emily Foster,SMB,Technology,2024,Q3,Sep
T0326,2024-09-02,C011,Pinnacle Consulting,North,Hardware,"Monitor 27""",3,350,27.74,291.27,252.91,758.73,210,630,16.97,Pending,Emily Foster,Mid-Market,Professional Svcs,2024,Q3,Sep
T0327,2024-09-03,C003,Meridian Health,North,Furniture,Desk Pro,2,420,9.19,77.2,381.4,762.8,180,360,52.81,Won,Sarah Chen,Enterprise,Healthcare,2024,Q3,Sep
T0328,2024-09-03,C019,Coastline Hotels,West,Software,Cloud Storage 1TB,3,380,10.04,114.45,341.85,1025.55,45,135,86.84,Won,Tom Walsh,Mid-Market,Hospitality,2024,Q3,Sep
T0329,2024-09-03,C004,Solaris Energy,West,Software,Cloud Storage 1TB,1,380,3.7,14.06,365.94,365.94,45,45,87.7,Won,Tom Walsh,Mid-Market,Energy,2024,Q3,Sep
T0330,2024-09-03,C015,Redwood Construction,South,Furniture,Office Chair,2,180,6.91,24.88,167.56,335.12,80,160,52.26,Won,Marco Ruiz,SMB,Construction,2024,Q3,Sep
T0331,2024-09-04,C009,BlueRock Mining,West,Software,Cloud Storage 1TB,10,380,9.68,367.8,343.22,3432.2,45,450,86.89,Won,Tom Walsh,Mid-Market,Mining,2024,Q3,Sep
T0332,2024-09-08,C012,Delta Aerospace,West,Software,BI Dashboard,3,5500,19.63,3238.95,4420.35,13261.05,500,1500,88.69,Won,David Evans,Enterprise,Aerospace,2024,Q3,Sep
T0333,2024-09-09,C002,Horizon Tech,East,Software,CRM Platform,5,8500,4.36,1853.0,8129.4,40647.0,600,3000,92.62,Won,Priya Sharma,Enterprise,Technology,2024,Q3,Sep
T0334,2024-09-12,C020,Polar Biotech,East,Furniture,Office Chair,2,180,12.4,44.64,157.68,315.36,80,160,49.26,Won,Aisha Patel,Enterprise,Healthcare,2024,Q3,Sep
T0335,2024-09-15,C007,Vertex Logistics,South,Software,Mobile Device Mgmt,1,2800,8.13,227.64,2572.36,2572.36,250,250,90.28,Won,Marco Ruiz,Mid-Market,Logistics,2024,Q3,Sep
T0336,2024-09-19,C017,Granite Automotive,West,Hardware,Server Rack,1,6200,16.78,1040.36,5159.64,5159.64,4100,4100,20.54,Won,David Evans,Enterprise,Automotive,2024,Q3,Sep
T0337,2024-09-24,C010,Stratos Media,North,Hardware,Laptop Pro,5,1200,28.15,1689.0,862.2,4311.0,800,4000,7.21,Lost,Emily Foster,SMB,Media,2024,Q3,Sep
T0338,2024-09-24,C003,Meridian Health,North,Hardware,Headset Pro,1,220,12.74,28.03,191.97,191.97,120,120,37.49,Won,Sarah Chen,Enterprise,Healthcare,2024,Q3,Sep
T0339,2024-09-25,C003,Meridian Health,North,Software,Cloud Storage 1TB,2,380,3.08,23.4,368.3,736.6,45,90,87.78,Lost,Sarah Chen,Enterprise,Healthcare,2024,Q3,Sep
T0340,2024-09-25,C010,Stratos Media,North,Hardware,Laptop Pro,2,1200,30.76,738.24,830.88,1661.76,800,1600,3.72,Won,Emily Foster,SMB,Media,2024,Q3,Sep
T0341,2024-09-26,C014,Quantum Devices,North,Software,Security Suite,1,3200,8.78,280.96,2919.04,2919.04,280,280,90.41,Pending,Sarah Chen,Enterprise,Technology,2024,Q3,Sep
T0342,2024-09-28,C012,Delta Aerospace,West,Hardware,Laptop Pro,2,1200,16.3,391.2,1004.4,2008.8,800,1600,20.35,Lost,David Evans,Enterprise,Aerospace,2024,Q3,Sep
T0343,2024-09-29,C011,Pinnacle Consulting,North,Furniture,Desk Pro,5,420,19.83,416.45,336.71,1683.55,180,900,46.54,Pending,Emily Foster,Mid-Market,Professional Svcs,2024,Q3,Sep
T0344,2024-10-01,C003,Meridian Health,North,Services,Training Package,1,1800,7.01,126.18,1673.82,1673.82,400,400,76.1,Won,Sarah Chen,Enterprise,Healthcare,2024,Q4,Oct
T0345,2024-10-01,C006,Nimbus Financial,East,Software,Security Suite,1,3200,10.4,332.8,2867.2,2867.2,280,280,90.23,Won,Priya Sharma,Enterprise,Financial Services,2024,Q4,Oct
T0346,2024-10-02,C003,Meridian Health,North,Furniture,Desk Pro,2,420,8.67,72.82,383.59,767.18,180,360,53.07,Pending,Sarah Chen,Enterprise,Healthcare,2024,Q4,Oct
T0347,2024-10-05,C006,Nimbus Financial,East,Software,Security Suite,1,3200,8.37,267.84,2932.16,2932.16,280,280,90.45,Won,Priya Sharma,Enterprise,Financial Services,2024,Q4,Oct
T0348,2024-10-08,C013,Harbor Insurance,East,Software,ERP Module,10,12000,8.75,10500.0,10950.0,109500.0,1200,12000,89.04,Won,Aisha Patel,Enterprise,Financial Services,2024,Q4,Oct
T0349,2024-10-10,C001,Apex Industries,North,Hardware,"Monitor 27""",1,350,4.3,15.05,334.95,334.95,210,210,37.3,Won,Sarah Chen,Enterprise,Manufacturing,2024,Q4,Oct
T0350,2024-10-10,C008,Orion Pharma,East,Software,ERP Module,1,12000,7.4,888.0,11112.0,11112.0,1200,1200,89.2,Won,Aisha Patel,Enterprise,Healthcare,2024,Q4,Oct
T0351,2024-10-11,C020,Polar Biotech,East,Furniture,Office Chair,3,180,3.79,20.46,173.18,519.54,80,240,53.81,Won,Aisha Patel,Enterprise,Healthcare,2024,Q4,Oct
T0352,2024-10-11,C009,BlueRock Mining,West,Software,Cloud Storage 1TB,10,380,7.94,301.7,349.83,3498.3,45,450,87.14,Won,Tom Walsh,Mid-Market,Mining,2024,Q4,Oct
T0353,2024-10-12,C011,Pinnacle Consulting,North,Software,Analytics Suite,5,4500,19.03,4281.75,3643.65,18218.25,500,2500,86.28,Pending,Emily Foster,Mid-Market,Professional Svcs,2024,Q4,Oct
T0354,2024-10-15,C008,Orion Pharma,East,Hardware,Server Rack,1,6200,9.42,584.04,5615.96,5615.96,4100,4100,26.99,Won,Aisha Patel,Enterprise,Healthcare,2024,Q4,Oct
T0355,2024-10-16,C017,Granite Automotive,West,Software,BI Dashboard,1,5500,18.68,1027.4,4472.6,4472.6,500,500,88.82,Won,David Evans,Enterprise,Automotive,2024,Q4,Oct
T0356,2024-10-16,C018,Ember Analytics,North,Hardware,"Monitor 27""",1,350,15.98,55.93,294.07,294.07,210,210,28.59,Won,Emily Foster,SMB,Technology,2024,Q4,Oct
T0357,2024-10-18,C020,Polar Biotech,East,Software,ERP Module,1,12000,8.44,1012.8,10987.2,10987.2,1200,1200,89.08,Won,Aisha Patel,Enterprise,Healthcare,2024,Q4,Oct
T0358,2024-10-19,C017,Granite Automotive,West,Hardware,Network Switch,5,950,23.22,1102.95,729.41,3647.05,540,2700,25.97,Pending,David Evans,Enterprise,Automotive,2024,Q4,Oct
T0359,2024-10-20,C007,Vertex Logistics,South,Furniture,Desk Pro,10,420,11.57,485.9,371.41,3714.1,180,1800,51.54,Won,Marco Ruiz,Mid-Market,Logistics,2024,Q4,Oct
T0360,2024-10-22,C004,Solaris Energy,West,Software,Cloud Storage 1TB,2,380,11.08,84.2,337.9,675.8,45,90,86.68,Lost,Tom Walsh,Mid-Market,Energy,2024,Q4,Oct
T0361,2024-10-22,C010,Stratos Media,North,Hardware,Server Rack,10,6200,23.57,14613.4,4738.66,47386.6,4100,41000,13.48,Won,Emily Foster,SMB,Media,2024,Q4,Oct
T0362,2024-10-23,C016,Tidal Software,South,Software,Cloud Storage 1TB,2,380,7.73,58.74,350.63,701.26,45,90,87.17,Lost,James Okafor,Mid-Market,Technology,2024,Q4,Oct
T0363,2024-10-23,C005,Cascade Retail,South,Furniture,Desk Pro,1,420,10.55,44.31,375.69,375.69,180,180,52.09,Pending,James Okafor,Mid-Market,Retail,2024,Q4,Oct
T0364,2024-10-23,C007,Vertex Logistics,South,Software,BI Dashboard,2,5500,13.16,1447.6,4776.2,9552.4,500,1000,89.53,Won,Marco Ruiz,Mid-Market,Logistics,2024,Q4,Oct
T0365,2024-10-25,C014,Quantum Devices,North,Furniture,Desk Pro,3,420,3.05,38.43,407.19,1221.57,180,540,55.79,Won,Sarah Chen,Enterprise,Technology,2024,Q4,Oct
T0366,2024-10-27,C012,Delta Aerospace,West,Hardware,Server Rack,1,6200,18.15,1125.3,5074.7,5074.7,4100,4100,19.21,Won,David Evans,Enterprise,Aerospace,2024,Q4,Oct
T0367,2024-11-01,C015,Redwood Construction,South,Software,Analytics Suite,1,4500,2.05,92.25,4407.75,4407.75,500,500,88.66,Won,Marco Ruiz,SMB,Construction,2024,Q4,Nov
T0368,2024-11-01,C019,Coastline Hotels,West,Hardware,Headset Pro,1,220,2.21,4.86,215.14,215.14,120,120,44.22,Pending,Tom Walsh,Mid-Market,Hospitality,2024,Q4,Nov
T0369,2024-11-02,C013,Harbor Insurance,East,Hardware,Server Rack,5,6200,10.31,3196.1,5560.78,27803.9,4100,20500,26.27,Won,Aisha Patel,Enterprise,Financial Services,2024,Q4,Nov
T0370,2024-11-05,C017,Granite Automotive,West,Software,Security Suite,1,3200,17.27,552.64,2647.36,2647.36,280,280,89.42,Won,David Evans,Enterprise,Automotive,2024,Q4,Nov
T0371,2024-11-06,C008,Orion Pharma,East,Software,Security Suite,3,3200,8.5,816.0,2928.0,8784.0,280,840,90.44,Won,Aisha Patel,Enterprise,Healthcare,2024,Q4,Nov
T0372,2024-11-07,C014,Quantum Devices,North,Software,Security Suite,1,3200,4.62,147.84,3052.16,3052.16,280,280,90.83,Won,Sarah Chen,Enterprise,Technology,2024,Q4,Nov
T0373,2024-11-10,C006,Nimbus Financial,East,Furniture,Desk Pro,1,420,8.94,37.55,382.45,382.45,180,180,52.94,Won,Priya Sharma,Enterprise,Financial Services,2024,Q4,Nov
T0374,2024-11-14,C010,Stratos Media,North,Software,Security Suite,1,3200,21.52,688.64,2511.36,2511.36,280,280,88.85,Won,Emily Foster,SMB,Media,2024,Q4,Nov
T0375,2024-11-18,C007,Vertex Logistics,South,Hardware,Headset Pro,2,220,5.96,26.22,206.89,413.78,120,240,42.0,Won,Marco Ruiz,Mid-Market,Logistics,2024,Q4,Nov
T0376,2024-11-19,C019,Coastline Hotels,West,Software,Security Suite,1,3200,2.58,82.56,3117.44,3117.44,280,280,91.02,Pending,Tom Walsh,Mid-Market,Hospitality,2024,Q4,Nov
T0377,2024-11-21,C009,BlueRock Mining,West,Hardware,Headset Pro,1,220,11.61,25.54,194.46,194.46,120,120,38.29,Won,Tom Walsh,Mid-Market,Mining,2024,Q4,Nov
T0378,2024-11-25,C006,Nimbus Financial,East,Software,Analytics Suite,1,4500,10.59,476.55,4023.45,4023.45,500,500,87.57,Lost,Priya Sharma,Enterprise,Financial Services,2024,Q4,Nov
T0379,2024-11-26,C009,BlueRock Mining,West,Furniture,Desk Pro,1,420,13.08,54.94,365.06,365.06,180,180,50.69,Won,Tom Walsh,Mid-Market,Mining,2024,Q4,Nov
T0380,2024-11-27,C003,Meridian Health,North,Hardware,Network Switch,10,950,8.29,787.5,871.25,8712.5,540,5400,38.02,Pending,Sarah Chen,Enterprise,Healthcare,2024,Q4,Nov
T0381,2024-11-28,C011,Pinnacle Consulting,North,Hardware,"Monitor 27""",10,350,27.46,961.1,253.89,2538.9,210,2100,17.29,Won,Emily Foster,Mid-Market,Professional Svcs,2024,Q4,Nov
T0382,2024-12-02,C011,Pinnacle Consulting,North,Software,Mobile Device Mgmt,1,2800,10.47,293.16,2506.84,2506.84,250,250,90.03,Lost,Emily Foster,Mid-Market,Professional Svcs,2024,Q4,Dec
T0383,2024-12-02,C011,Pinnacle Consulting,North,Furniture,Office Chair,5,180,19.77,177.95,144.41,722.05,80,400,44.6,Won,Emily Foster,Mid-Market,Professional Svcs,2024,Q4,Dec
T0384,2024-12-03,C012,Delta Aerospace,West,Furniture,Office Chair,10,180,17.17,309.1,149.09,1490.9,80,800,46.34,Won,David Evans,Enterprise,Aerospace,2024,Q4,Dec
T0385,2024-12-03,C004,Solaris Energy,West,Hardware,Server Rack,2,6200,11.77,1459.48,5470.26,10940.52,4100,8200,25.05,Won,Tom Walsh,Mid-Market,Energy,2024,Q4,Dec
T0386,2024-12-05,C011,Pinnacle Consulting,North,Furniture,Desk Pro,1,420,20.83,87.49,332.51,332.51,180,180,45.87,Lost,Emily Foster,Mid-Market,Professional Svcs,2024,Q4,Dec
T0387,2024-12-06,C003,Meridian Health,North,Hardware,"Monitor 27""",1,350,9.64,33.74,316.26,316.26,210,210,33.6,Won,Sarah Chen,Enterprise,Healthcare,2024,Q4,Dec
T0388,2024-12-07,C009,BlueRock Mining,West,Software,Cloud Storage 1TB,5,380,16.97,322.45,315.51,1577.55,45,225,85.74,Lost,Tom Walsh,Mid-Market,Mining,2024,Q4,Dec
T0389,2024-12-07,C004,Solaris Energy,West,Software,Mobile Device Mgmt,10,2800,0.93,260.4,2773.96,27739.6,250,2500,90.99,Won,Tom Walsh,Mid-Market,Energy,2024,Q4,Dec
T0390,2024-12-08,C001,Apex Industries,North,Hardware,Laptop Pro,1,1200,11.67,140.04,1059.96,1059.96,800,800,24.53,Pending,Sarah Chen,Enterprise,Manufacturing,2024,Q4,Dec
T0391,2024-12-10,C013,Harbor Insurance,East,Hardware,"Monitor 27""",1,350,1.04,3.64,346.36,346.36,210,210,39.37,Won,Aisha Patel,Enterprise,Financial Services,2024,Q4,Dec
T0392,2024-12-13,C001,Apex Industries,North,Services,Training Package,1,1800,8.5,153.0,1647.0,1647.0,400,400,75.71,Lost,Sarah Chen,Enterprise,Manufacturing,2024,Q4,Dec
T0393,2024-12-13,C011,Pinnacle Consulting,North,Software,BI Dashboard,1,5500,26.38,1450.9,4049.1,4049.1,500,500,87.65,Lost,Emily Foster,Mid-Market,Professional Svcs,2024,Q4,Dec
T0394,2024-12-14,C020,Polar Biotech,East,Software,Mobile Device Mgmt,1,2800,0.0,0.0,2800.0,2800.0,250,250,91.07,Won,Aisha Patel,Enterprise,Healthcare,2024,Q4,Dec
T0395,2024-12-16,C005,Cascade Retail,South,Services,Training Package,2,1800,3.21,115.56,1742.22,3484.44,400,800,77.04,Won,James Okafor,Mid-Market,Retail,2024,Q4,Dec
T0396,2024-12-18,C003,Meridian Health,North,Software,Cloud Storage 1TB,2,380,14.06,106.86,326.57,653.14,45,90,86.22,Lost,Sarah Chen,Enterprise,Healthcare,2024,Q4,Dec
T0397,2024-12-18,C017,Granite Automotive,West,Furniture,Desk Pro,5,420,30.47,639.85,292.03,1460.15,180,900,38.36,Won,David Evans,Enterprise,Automotive,2024,Q4,Dec
T0398,2024-12-24,C011,Pinnacle Consulting,North,Software,ERP Module,1,12000,25.88,3105.6,8894.4,8894.4,1200,1200,86.51,Lost,Emily Foster,Mid-Market,Professional Svcs,2024,Q4,Dec
T0399,2024-12-26,C014,Quantum Devices,North,Software,Security Suite,1,3200,4.06,129.92,3070.08,3070.08,280,280,90.88,Won,Sarah Chen,Enterprise,Technology,2024,Q4,Dec
T0400,2024-12-27,C015,Redwood Construction,South,Hardware,Laptop Pro,3,1200,10.06,362.16,1079.28,3237.84,800,2400,25.88,Won,Marco Ruiz,SMB,Construction,2024,Q4,Dec
